path	@id	schema
/additionalParameters		https://ogcincubator.github.io/bblocks-ogcapi-processes/build/annotated/api/processes/v1/schemas/descriptionType/schema.yaml
/additionalParameters/href		https://ogcincubator.github.io/bblocks-ogcapi-processes/build/annotated/api/processes/v1/schemas/metadata/schema.yaml
/additionalParameters/role		https://ogcincubator.github.io/bblocks-ogcapi-processes/build/annotated/api/processes/v1/schemas/metadata/schema.yaml
/additionalParameters/title		https://ogcincubator.github.io/bblocks-ogcapi-processes/build/annotated/api/processes/v1/schemas/metadata/schema.yaml
/additionalParameters/parameters		https://ogcincubator.github.io/bblocks-ogcapi-processes/build/annotated/api/processes/v1/schemas/descriptionType/schema.yaml
/additionalParameters/parameters/name		https://ogcincubator.github.io/bblocks-ogcapi-processes/build/annotated/api/processes/v1/schemas/additionalParameter/schema.yaml
/additionalParameters/parameters/value		https://ogcincubator.github.io/bblocks-ogcapi-processes/build/annotated/api/processes/v1/schemas/additionalParameter/schema.yaml
/description		https://ogcincubator.github.io/bblocks-ogcapi-processes/build/annotated/api/processes/v1/schemas/descriptionType/schema.yaml
/keywords		https://ogcincubator.github.io/bblocks-ogcapi-processes/build/annotated/api/processes/v1/schemas/descriptionType/schema.yaml
/metadata		https://ogcincubator.github.io/bblocks-ogcapi-processes/build/annotated/api/processes/v1/schemas/descriptionType/schema.yaml
/title		https://ogcincubator.github.io/bblocks-ogcapi-processes/build/annotated/api/processes/v1/schemas/descriptionType/schema.yaml
/maxOccurs	https://w3id.org/ogc/api/processes/maxOccurs	https://ogcincubator.github.io/bblocks-ogcapi-processes/build/annotated/api/processes/v1/schemas/inputDescription/schema.yaml
/minOccurs	https://w3id.org/ogc/api/processes/minOccurs	https://ogcincubator.github.io/bblocks-ogcapi-processes/build/annotated/api/processes/v1/schemas/inputDescription/schema.yaml
/schema	https://w3id.org/ogc/api/processes/schema	https://ogcincubator.github.io/bblocks-ogcapi-processes/build/annotated/api/processes/v1/schemas/inputDescription/schema.yaml
/schema/$ref		https://ogcincubator.github.io/bblocks-ogcapi-processes/build/annotated/api/processes/v1/schemas/reference/schema.yaml
/schema/additionalProperties		https://ogcincubator.github.io/bblocks-ogcapi-processes/build/annotated/api/processes/v1/schemas/schema/schema.yaml
/schema/allOf		https://ogcincubator.github.io/bblocks-ogcapi-processes/build/annotated/api/processes/v1/schemas/schema/schema.yaml
/schema/anyOf		https://ogcincubator.github.io/bblocks-ogcapi-processes/build/annotated/api/processes/v1/schemas/schema/schema.yaml
/schema/contentEncoding		https://ogcincubator.github.io/bblocks-ogcapi-processes/build/annotated/api/processes/v1/schemas/schema/schema.yaml
/schema/contentMediaType		https://ogcincubator.github.io/bblocks-ogcapi-processes/build/annotated/api/processes/v1/schemas/schema/schema.yaml
/schema/contentSchema		https://ogcincubator.github.io/bblocks-ogcapi-processes/build/annotated/api/processes/v1/schemas/schema/schema.yaml
/schema/default		https://ogcincubator.github.io/bblocks-ogcapi-processes/build/annotated/api/processes/v1/schemas/schema/schema.yaml
/schema/deprecated		https://ogcincubator.github.io/bblocks-ogcapi-processes/build/annotated/api/processes/v1/schemas/schema/schema.yaml
/schema/description		https://ogcincubator.github.io/bblocks-ogcapi-processes/build/annotated/api/processes/v1/schemas/schema/schema.yaml
/schema/enum		https://ogcincubator.github.io/bblocks-ogcapi-processes/build/annotated/api/processes/v1/schemas/schema/schema.yaml
/schema/example		https://ogcincubator.github.io/bblocks-ogcapi-processes/build/annotated/api/processes/v1/schemas/schema/schema.yaml
/schema/exclusiveMaximum		https://ogcincubator.github.io/bblocks-ogcapi-processes/build/annotated/api/processes/v1/schemas/schema/schema.yaml
/schema/exclusiveMinimum		https://ogcincubator.github.io/bblocks-ogcapi-processes/build/annotated/api/processes/v1/schemas/schema/schema.yaml
/schema/format		https://ogcincubator.github.io/bblocks-ogcapi-processes/build/annotated/api/processes/v1/schemas/schema/schema.yaml
/schema/items		https://ogcincubator.github.io/bblocks-ogcapi-processes/build/annotated/api/processes/v1/schemas/schema/schema.yaml
/schema/maxItems		https://ogcincubator.github.io/bblocks-ogcapi-processes/build/annotated/api/processes/v1/schemas/schema/schema.yaml
/schema/maxLength		https://ogcincubator.github.io/bblocks-ogcapi-processes/build/annotated/api/processes/v1/schemas/schema/schema.yaml
/schema/maxProperties		https://ogcincubator.github.io/bblocks-ogcapi-processes/build/annotated/api/processes/v1/schemas/schema/schema.yaml
/schema/maximum		https://ogcincubator.github.io/bblocks-ogcapi-processes/build/annotated/api/processes/v1/schemas/schema/schema.yaml
/schema/minItems		https://ogcincubator.github.io/bblocks-ogcapi-processes/build/annotated/api/processes/v1/schemas/schema/schema.yaml
/schema/minLength		https://ogcincubator.github.io/bblocks-ogcapi-processes/build/annotated/api/processes/v1/schemas/schema/schema.yaml
/schema/minProperties		https://ogcincubator.github.io/bblocks-ogcapi-processes/build/annotated/api/processes/v1/schemas/schema/schema.yaml
/schema/minimum		https://ogcincubator.github.io/bblocks-ogcapi-processes/build/annotated/api/processes/v1/schemas/schema/schema.yaml
/schema/multipleOf		https://ogcincubator.github.io/bblocks-ogcapi-processes/build/annotated/api/processes/v1/schemas/schema/schema.yaml
/schema/not		https://ogcincubator.github.io/bblocks-ogcapi-processes/build/annotated/api/processes/v1/schemas/schema/schema.yaml
/schema/nullable		https://ogcincubator.github.io/bblocks-ogcapi-processes/build/annotated/api/processes/v1/schemas/schema/schema.yaml
/schema/oneOf		https://ogcincubator.github.io/bblocks-ogcapi-processes/build/annotated/api/processes/v1/schemas/schema/schema.yaml
/schema/pattern		https://ogcincubator.github.io/bblocks-ogcapi-processes/build/annotated/api/processes/v1/schemas/schema/schema.yaml
/schema/properties		https://ogcincubator.github.io/bblocks-ogcapi-processes/build/annotated/api/processes/v1/schemas/schema/schema.yaml
/schema/readOnly		https://ogcincubator.github.io/bblocks-ogcapi-processes/build/annotated/api/processes/v1/schemas/schema/schema.yaml
/schema/required		https://ogcincubator.github.io/bblocks-ogcapi-processes/build/annotated/api/processes/v1/schemas/schema/schema.yaml
/schema/title		https://ogcincubator.github.io/bblocks-ogcapi-processes/build/annotated/api/processes/v1/schemas/schema/schema.yaml
/schema/type		https://ogcincubator.github.io/bblocks-ogcapi-processes/build/annotated/api/processes/v1/schemas/schema/schema.yaml
/schema/uniqueItems		https://ogcincubator.github.io/bblocks-ogcapi-processes/build/annotated/api/processes/v1/schemas/schema/schema.yaml
/schema/writeOnly		https://ogcincubator.github.io/bblocks-ogcapi-processes/build/annotated/api/processes/v1/schemas/schema/schema.yaml
/geometry		https://ogcincubator.github.io/bblocks-examples/build/annotated/bbr/examples/ogcapi/processes/schemas/buffer-geometry/inputDescription/schema.yaml
/geometry/title		https://ogcincubator.github.io/bblocks-examples/build/annotated/bbr/examples/ogcapi/processes/schemas/buffer-geometry/inputDescription/schema.yaml
/geometry/minOccurs		https://ogcincubator.github.io/bblocks-examples/build/annotated/bbr/examples/ogcapi/processes/schemas/buffer-geometry/inputDescription/schema.yaml
/geometry/maxOccurs		https://ogcincubator.github.io/bblocks-examples/build/annotated/bbr/examples/ogcapi/processes/schemas/buffer-geometry/inputDescription/schema.yaml
/geometry/schema		https://ogcincubator.github.io/bblocks-examples/build/annotated/bbr/examples/ogcapi/processes/schemas/buffer-geometry/inputDescription/schema.yaml
/geometry/schema/type	@type	https://opengeospatial.github.io/bblocks/annotated-schemas/geo/common/data_types/geojson/schema.yaml
/geometry/schema/id	@id	https://opengeospatial.github.io/bblocks/annotated-schemas/geo/common/data_types/geojson/schema.yaml
/geometry/schema/properties	@nest	https://opengeospatial.github.io/bblocks/annotated-schemas/geo/common/data_types/geojson/schema.yaml
/geometry/schema/geometry	https://purl.org/geojson/vocab#geometry	https://opengeospatial.github.io/bblocks/annotated-schemas/geo/common/data_types/geojson/schema.yaml
/geometry/schema/geometry/type	@type	https://opengeospatial.github.io/bblocks/annotated-schemas/geo/common/data_types/geojson/schema.yaml
/geometry/schema/geometry/coordinates	https://purl.org/geojson/vocab#coordinates	https://opengeospatial.github.io/bblocks/annotated-schemas/geo/common/data_types/geojson/schema.yaml
/geometry/schema/geometry/bbox	https://purl.org/geojson/vocab#bbox	https://opengeospatial.github.io/bblocks/annotated-schemas/geo/common/data_types/geojson/schema.yaml
/geometry/schema/geometry/geometries		https://opengeospatial.github.io/bblocks/annotated-schemas/geo/common/data_types/geojson/schema.yaml
/geometry/schema/geometry/geometries/type	@type	https://opengeospatial.github.io/bblocks/annotated-schemas/geo/common/data_types/geojson/schema.yaml
/geometry/schema/geometry/geometries/coordinates	https://purl.org/geojson/vocab#coordinates	https://opengeospatial.github.io/bblocks/annotated-schemas/geo/common/data_types/geojson/schema.yaml
/geometry/schema/geometry/geometries/bbox	https://purl.org/geojson/vocab#bbox	https://opengeospatial.github.io/bblocks/annotated-schemas/geo/common/data_types/geojson/schema.yaml
/geometry/schema/bbox	https://purl.org/geojson/vocab#bbox	https://opengeospatial.github.io/bblocks/annotated-schemas/geo/common/data_types/geojson/schema.yaml
/distance		https://ogcincubator.github.io/bblocks-examples/build/annotated/bbr/examples/ogcapi/processes/schemas/buffer-geometry/inputDescription/schema.yaml
/distance/title		https://ogcincubator.github.io/bblocks-examples/build/annotated/bbr/examples/ogcapi/processes/schemas/buffer-geometry/inputDescription/schema.yaml
/distance/description		https://ogcincubator.github.io/bblocks-examples/build/annotated/bbr/examples/ogcapi/processes/schemas/buffer-geometry/inputDescription/schema.yaml
/distance/minOccurs		https://ogcincubator.github.io/bblocks-examples/build/annotated/bbr/examples/ogcapi/processes/schemas/buffer-geometry/inputDescription/schema.yaml
/distance/maxOccurs		https://ogcincubator.github.io/bblocks-examples/build/annotated/bbr/examples/ogcapi/processes/schemas/buffer-geometry/inputDescription/schema.yaml
/distance/schema		https://ogcincubator.github.io/bblocks-examples/build/annotated/bbr/examples/ogcapi/processes/schemas/buffer-geometry/inputDescription/schema.yaml
/distance/schema/type		https://ogcincubator.github.io/bblocks-examples/build/annotated/bbr/examples/ogcapi/processes/schemas/buffer-geometry/inputSchema/schema.yaml
/distance/schema/minimum		https://ogcincubator.github.io/bblocks-examples/build/annotated/bbr/examples/ogcapi/processes/schemas/buffer-geometry/inputSchema/schema.yaml
/units		https://ogcincubator.github.io/bblocks-examples/build/annotated/bbr/examples/ogcapi/processes/schemas/buffer-geometry/inputDescription/schema.yaml
/units/title		https://ogcincubator.github.io/bblocks-examples/build/annotated/bbr/examples/ogcapi/processes/schemas/buffer-geometry/inputDescription/schema.yaml
/units/description		https://ogcincubator.github.io/bblocks-examples/build/annotated/bbr/examples/ogcapi/processes/schemas/buffer-geometry/inputDescription/schema.yaml
/units/minOccurs		https://ogcincubator.github.io/bblocks-examples/build/annotated/bbr/examples/ogcapi/processes/schemas/buffer-geometry/inputDescription/schema.yaml
/units/maxOccurs		https://ogcincubator.github.io/bblocks-examples/build/annotated/bbr/examples/ogcapi/processes/schemas/buffer-geometry/inputDescription/schema.yaml
/units/schema		https://ogcincubator.github.io/bblocks-examples/build/annotated/bbr/examples/ogcapi/processes/schemas/buffer-geometry/inputDescription/schema.yaml
